last,lastSz,ts,askPx,askSz,bidPx,bidSz
30106.47000000,0.44581000,1688968024464,30106.47000000,19.01462000,30100.01000000,0.03629000
30106.47000000,0.44581000,1688968026321,30106.47000000,19.01462000,30100.01000000,0.04429000
30106.47000000,0.44581000,1688968026660,30106.47000000,19.01462000,30100.01000000,0.03629000
