last,lastSz,ts,askPx,askSz,bidPx,bidSz
30124.97000000,0.00006000,1688965382646,30124.97000000,0.00794000,30112.00000000,0.00498000
30124.97000000,0.00006000,1688965382693,30124.97000000,0.00800000,30112.00000000,0.00498000
30124.97000000,0.00006000,1688965383739,30124.97000000,0.00800000,30112.01000000,0.00800000
30124.97000000,0.00006000,1688965384738,30124.97000000,0.00800000,30112.00000000,0.00498000
30124.97000000,0.00006000,1688965388869,30120.00000000,0.04980000,30112.00000000,0.00498000
30124.97000000,0.00006000,1688965388942,30119.99000000,0.00800000,30112.00000000,0.00498000
30119.99000000,0.00300000,1688965390846,30120.00000000,0.04980000,30112.00000000,0.00498000
30119.99000000,0.00300000,1688965390887,30119.99000000,0.00800000,30112.00000000,0.00498000
