last,lastSz,ts,askPx,askSz,bidPx,bidSz
1861.77000000,0.00090000,1688965383262,1861.77000000,0.49690000,1860.29000000,0.02360000
1861.77000000,0.00090000,1688965388017,1861.77000000,0.49690000,1860.29000000,0.22360000
1861.77000000,0.00090000,1688965388276,1861.77000000,0.49690000,1860.29000000,0.02360000
1861.77000000,0.00090000,1688965392344,1861.77000000,0.49690000,1860.29000000,0.22360000
1861.77000000,0.00090000,1688965392490,1861.77000000,0.49690000,1860.29000000,0.02360000
